"Symbol","Description","Category2","Category3","GICS Sector","Market cap","Dividend yield","Price to TTM earnings","Price to TTM sales","Price to book value","Action"
"AAPL","Apple Inc","Common stocks","Large cap","Information Technology","$2,205,660,560,700","0.65%","21.67","5.71","32.78","Analyze"
"MSFT","Microsoft Corp","Common stocks","Large cap","Information Technology","$1,597,120,871,102","1.15%","22.04","8.29","9.80","Analyze"
"GOOG","Alphabet Inc Class C","Common stocks","Large cap","Communication Services","$1,006,447,530,000","0.00%","6.82","3.72","2.00","Analyze"
"GOOGL","Alphabet Inc Class A","Common stocks","Large cap","Communication Services","$1,006,447,530,000","0.00%","6.69","3.72","1.96","Analyze"
"AMZN","Amazon.Com Inc.","Common stocks","Large cap","Consumer Discretionary","$911,007,717,917","0.00%","42.54","1.91","6.80","Analyze"
"TSLA","Tesla Inc","Common stocks","Large cap","Consumer Discretionary","$674,667,435,389","0.00%","77.40","10.85","19.07","Analyze"
"BRK.B","Berkshire Hathaway Inc. Class B","Common stocks","Large cap","Financials","$626,572,131,325","0.00%","4.48","1.76","0.72","Analyze"
"UNH","Unitedhealth Group Inc","Common stocks","Large cap","Health Care","$507,921,499,574","1.14%","28.82","1.72","6.91","Analyze"
"XOM","Exxon Mobil Corp","Common stocks","Large cap","Energy","$457,542,399,073","3.12%","17.93","1.49","2.73","Analyze"
"JNJ","Johnson & Johnson","Common stocks","Large cap","Health Care","$446,344,641,387","2.54%","22.61","4.70","6.00","Analyze"
"WMT","Walmart Stores Inc","Common stocks","Large cap","Consumer Staples","$381,947,562,495","1.58%","29.44","0.66","4.98","Analyze"
"JPM","JP Morgan Chase & Co","Common stocks","Large cap","Financials","$373,023,208,008","3.12%","9.46","3.10","1.34","Analyze"
"CVX","Chevron Corp","Common stocks","Large cap","Energy","$355,886,661,285","3.05%","17.57","2.01","2.46","Analyze"
"LLY","Eli Lilly","Common stocks","Large cap","Health Care","$343,660,342,872","1.04%","55.41","11.72","36.40","Analyze"
"NVDA","Nvidia Corp","Common stocks","Large cap","Information Technology","$334,182,900,000","0.12%","34.26","12.42","12.56","Analyze"
"V","Visa Inc Class A","Common stocks","Large cap","Information Technology","$318,419,103,088","0.77%","23.50","11.82","8.95","Analyze"
"PG","Procter & Gamble","Common stocks","Large cap","Consumer Staples","$314,957,494,760","2.71%","21.97","3.96","7.05","Analyze"
"MA","Mastercard Inc Class A","Common stocks","Large cap","Information Technology","$294,887,286,186","0.63%","32.00","14.82","43.17","Analyze"
"HD","Home Depot Inc","Common stocks","Large cap","Consumer Discretionary","$288,178,993,705","2.59%","17.60","1.89","-170.14","Analyze"
"BAC","Bank of America Corp","Common stocks","Large cap","Financials","$287,925,093,058","2.35%","9.97","3.22","1.11","Analyze"
"PFE","Pfizer Inc","Common stocks","Large cap","Health Care","$261,367,223,745","3.39%","10.62","2.83","3.22","Analyze"
"ABBV","Abbvie Inc","Common stocks","Large cap","Health Care","$255,348,495,808","3.85%","20.58","4.50","15.78","Analyze"
"KO","Coca-Cola","Common stocks","Large cap","Consumer Staples","$254,194,889,658","2.93%","24.86","6.33","10.31","Analyze"
"MRK","Merck & Co Inc","Common stocks","Large cap","Health Care","$250,161,384,694","2.76%","17.72","4.63","6.15","Analyze"
"PEP","Pepsico Inc","Common stocks","Large cap","Consumer Staples","$244,929,143,176","2.48%","24.10","3.03","13.46","Analyze"
"META","Meta Platforms, Inc.","Common stocks","Large cap","Communication Services","$239,167,900,000","0.00%","0.00","0.00","0.00","Analyze"
"COST","Costco Wholesale Corp","Common stocks","Large cap","Consumer Staples","$215,233,969,672","0.72%","39.04","1.02","11.08","Analyze"
"ORCL","Oracle Corp","Common stocks","Large cap","Information Technology","$202,293,358,614","1.69%","27.10","4.84","-23.56","Analyze"
"MCD","Mcdonalds Corp","Common stocks","Large cap","Consumer Discretionary","$200,814,029,119","2.01%","28.41","8.45","-33.73","Analyze"
"TMO","Thermo Fisher Scientific Inc","Common stocks","Large cap","Health Care","$190,777,717,156","0.24%","25.54","4.64","4.74","Analyze"
"TMUS","T Mobile US Inc","Common stocks","Large cap","Communication Services","$184,346,318,035","0.00%","66.04","2.29","2.65","Analyze"
"DIS","Walt Disney","Common stocks","Large cap","Communication Services","$180,938,484,367","0.00%","68.48","2.36","2.00","Analyze"
"CSCO","Cisco Systems Inc","Common stocks","Large cap","Information Technology","$180,172,816,723","3.41%","15.01","3.49","4.46","Analyze"
"AVGO","Broadcom Inc.","Common stocks","Large cap","Information Technology","$179,869,246,639","3.66%","23.88","6.31","7.82","Analyze"
"DHR","Danaher Corp","Common stocks","Large cap","Health Care","$175,744,755,517","0.40%","28.57","5.80","3.88","Analyze"
"WFC","Wells Fargo","Common stocks","Large cap","Financials","$173,529,755,495","2.39%","9.23","2.24","0.99","Analyze"
"COP","ConocoPhillips","Common stocks","Large cap","Energy","$173,089,418,380","2.93%","13.31","3.22","3.48","Analyze"
"ACN","Accenture Plc Class A","Common stocks","Large cap","Information Technology","$170,769,499,168","1.56%","27.16","3.01","8.44","Analyze"
"ABT","Abbott Laboratories","Common stocks","Large cap","Health Care","$168,167,690,792","1.94%","22.13","3.78","4.83","Analyze"
"BMY","Bristol Myers Squibb","Common stocks","Large cap","Health Care","$166,861,064,033","2.72%","26.80","3.55","5.30","Analyze"
"VZ","Verizon Communications Inc","Common stocks","Large cap","Communication Services","$156,023,218,156","6.78%","7.31","1.16","1.87","Analyze"
"NEE","Nextera Energy Inc","Common stocks","Large cap","Utilities","$153,606,436,527","2.11%","106.34","9.46","4.31","Analyze"
"LIN","Linde Plc","Common stocks","Large cap","Materials","$147,127,348,723","1.53%","37.99","4.63","3.55","Analyze"
"CRM","Salesforce.Com Inc","Common stocks","Large cap","Information Technology","$146,330,000,000","0.00%","96.79","5.52","2.40","Analyze"
"MS","Morgan Stanley","Common stocks","Large cap","Financials","$143,561,015,791","3.48%","10.31","2.59","1.42","Analyze"
"SCHW","Charles Schwab Corporation","Common stocks","Large cap","Financials","$143,514,846,642","1.01%","27.37","7.77","2.99","Analyze"
"AMGN","Amgen Inc","Common stocks","Large cap","Health Care","$142,227,414,398","2.82%","24.85","5.40","155.27","Analyze"
"TXN","Texas Instrument Inc","Common stocks","Large cap","Information Technology","$142,053,124,362","2.96%","17.98","7.49","10.53","Analyze"
"RTX","Raytheon Technologies Corporation","Common stocks","Large cap","Industrials","$139,361,761,470","2.22%","33.37","2.15","1.93","Analyze"
"HON","Honeywell International Inc","Common stocks","Large cap","Industrials","$137,415,940,998","1.90%","26.18","4.00","7.48","Analyze"
"PM","Philip Morris International Inc","Common stocks","Large cap","Consumer Staples","$136,944,871,624","5.57%","15.49","4.34","-13.81","Analyze"
"ADBE","Adobe Inc","Common stocks","Large cap","Information Technology","$132,928,857,000","0.00%","27.54","8.24","9.65","Analyze"
"CMCSA","Comcast A Corp","Common stocks","Large cap","Communication Services","$131,058,236,011","3.46%","9.11","1.09","1.38","Analyze"
"T","AT&T Inc.","Common stocks","Large cap","Communication Services","$129,552,100,000","6.58%","7.62","0.79","0.70","Analyze"
"CVS","CVS Health Corp","Common stocks","Large cap","Health Care","$128,505,963,994","2.23%","16.35","0.43","1.77","Analyze"
"ELV","Elevance Health, Inc.","Common stocks","Large cap","Health Care","$128,126,770,499","0.93%","0.00","0.00","0.00","Analyze"
"LMT","Lockheed Martin Corp","Common stocks","Large cap","Industrials","$127,058,698,742","2.29%","20.32","1.93","12.62","Analyze"
"IBM","International Business Machines Co","Common stocks","Large cap","Information Technology","$121,577,872,033","4.80%","22.43","2.26","6.50","Analyze"
"UPS","United Parcel Service Inc Class B","Common stocks","Large cap","Industrials","$119,697,929,089","3.37%","11.24","1.21","7.84","Analyze"
"GS","Goldman Sachs Group Inc","Common stocks","Large cap","Financials","$119,088,843,299","2.42%","6.69","2.23","1.06","Analyze"
"NFLX","Netflix Inc","Common stocks","Large cap","Communication Services","$118,869,364,852","0.00%","23.74","3.91","6.78","Analyze"
"DE","Deere & Company","Common stocks","Large cap","Industrials","$118,805,260,957","1.10%","21.13","2.70","6.31","Analyze"
"UNP","Union Pacific Corp","Common stocks","Large cap","Industrials","$118,773,366,552","2.55%","17.75","5.24","10.16","Analyze"
"QCOM","Qualcomm Inc","Common stocks","Large cap","Information Technology","$116,449,480,000","2.73%","10.44","2.97","8.74","Analyze"
"NKE","Nike Inc Class B","Common stocks","Large cap","Consumer Discretionary","$114,234,199,831","1.34%","19.79","2.44","8.17","Analyze"
"CAT","Caterpillar Inc","Common stocks","Large cap","Industrials","$114,104,955,177","2.09%","18.25","2.17","6.95","Analyze"
"MDT","Medtronic Plc","Common stocks","Large cap","Health Care","$111,675,459,342","3.08%","22.90","3.51","2.14","Analyze"
"LOW","Lowes Companies Inc","Common stocks","Large cap","Consumer Discretionary","$111,614,375,958","2.04%","13.42","1.17","-16.44","Analyze"
"INTC","Intel Corporation Corp","Common stocks","Large cap","Information Technology","$111,532,175,000","3.96%","4.59","1.44","1.10","Analyze"
"AXP","American Express","Common stocks","Large cap","Financials","$104,096,986,880","1.42%","13.85","2.31","4.83","Analyze"
"INTU","Intuit Inc","Common stocks","Large cap","Information Technology","$102,879,687,136","0.77%","47.37","9.01","6.60","Analyze"
"SPGI","S&P Global Inc","Common stocks","Large cap","Financials","$100,769,940,000","1.04%","29.42","11.62","2.60","Analyze"
"PLD","Prologis, Inc","REITs","Large cap","Real Estate","$99,701,438,760","2.75%","26.73","20.64","2.91","Analyze"
"GILD","Gilead Sciences Inc","Common stocks","Large cap","Health Care","$99,662,215,924","3.59%","22.07","3.63","5.00","Analyze"
"CI","Cigna Corp","Common stocks","Large cap","Health Care","$98,930,877,336","1.34%","18.25","0.56","2.13","Analyze"
"ADP","Automatic Data Processing Inc","Common stocks","Large cap","Information Technology","$97,940,836,261","1.75%","34.23","6.21","23.36","Analyze"
"SBUX","Starbucks Corp","Common stocks","Large cap","Consumer Discretionary","$97,161,832,000","2.29%","22.04","3.10","-11.08","Analyze"
"AMD","Advanced Micro Devices Inc","Common stocks","Large cap","Information Technology","$96,918,728,898","0.00%","28.56","5.13","1.75","Analyze"
"BLK","Blackrock Inc","Common stocks","Large cap","Financials","$95,558,734,466","2.95%","16.12","4.86","2.64","Analyze"
"AMT","American Tower Corporation","REITs","Large cap","Real Estate","$93,740,376,052","2.80%","36.04","9.51","17.70","Analyze"
"BA","Boeing","Common stocks","Large cap","Industrials","$93,079,900,741","0.00%","-19.45","1.52","-6.17","Analyze"
"PYPL","Paypal Holdings Inc","Common stocks","Large cap","Information Technology","$88,528,228,155","0.00%","24.72","3.43","4.30","Analyze"
"CB","Chubb Ltd","Common stocks","Large cap","Financials","$87,011,139,441","1.55%","10.57","2.14","1.53","Analyze"
"GE","General Electric","Common stocks","Large cap","Industrials","$85,643,328,813","0.41%","-17.79","1.16","2.27","Analyze"
"C","Citigroup Inc","Common stocks","Large cap","Financials","$85,350,793,086","3.40%","5.09","1.19","0.44","Analyze"
"MDLZ","Mondelez International Inc","Common stocks","Large cap","Consumer Staples","$84,668,347,496","2.29%","20.19","2.90","3.01","Analyze"
"ISRG","Intuitive Surgical Inc","Common stocks","Large cap","Health Care","$82,759,132,448","0.00%","40.61","14.01","6.84","Analyze"
"TJX","TJX Companies, Inc.","Common stocks","Large cap","Consumer Discretionary","$82,666,970,823","1.55%","26.80","1.58","13.77","Analyze"
"EOG","EOG Resources Inc","Common stocks","Large cap","Energy","$81,096,840,954","2.11%","19.04","3.62","3.87","Analyze"
"NOC","Northrop Grumman Corp","Common stocks","Large cap","Industrials","$80,882,377,100","1.25%","13.96","2.29","6.06","Analyze"
"MO","Altria Group Inc","Common stocks","Large cap","Consumer Staples","$80,486,472,274","7.87%","27.12","3.82","-46.33","Analyze"
"VRTX","Vertex Pharmaceuticals Inc","Common stocks","Large cap","Health Care","$79,908,049,008","0.00%","32.34","10.05","7.27","Analyze"
"REGN","Regeneron Pharmaceuticals Inc","Common stocks","Large cap","Health Care","$79,179,239,208","0.00%","10.00","4.80","3.98","Analyze"
"MMC","Marsh & McLennan Inc","Common stocks","Large cap","Financials","$78,880,391,739","1.41%","24.62","3.89","7.27","Analyze"
"NOW","Servicenow Inc","Common stocks","Large cap","Information Technology","$77,883,120,000","0.00%","327.17","12.45","18.28","Analyze"
"SYK","Stryker Corp","Common stocks","Large cap","Health Care","$77,771,134,709","1.35%","39.62","4.46","5.31","Analyze"
"PGR","Progressive Corp","Common stocks","Large cap","Financials","$74,491,075,732","1.49%","34.33","1.55","4.34","Analyze"
"AMAT","Applied Material Inc","Common stocks","Large cap","Information Technology","$74,244,699,235","1.43%","10.99","2.99","6.41","Analyze"
"TGT","Target Corp","Common stocks","Large cap","Consumer Discretionary","$73,549,968,274","2.33%","12.54","0.69","6.82","Analyze"
"SLB","Schlumberger Nv","Common stocks","Large cap","Energy","$73,452,077,545","1.16%","35.99","3.10","4.91","Analyze"
"DUK","Duke Energy Corp","Common stocks","Large cap","Utilities","$71,770,122,932","4.19%","19.54","2.75","1.46","Analyze"
"HUM","Humana Inc","Common stocks","Large cap","Health Care","$71,275,979,034","0.54%","23.03","0.83","4.56","Analyze"
"ADI","Analog Devices Inc","Common stocks","Large cap","Information Technology","$70,989,418,109","2.14%","43.22","7.28","1.91","Analyze"
"BKNG","Booking Holdings Inc","Common stocks","Large cap","Consumer Discretionary","$70,818,949,353","0.00%","136.19","5.66","16.19","Analyze"
"SO","Southern Co","Common stocks","Large cap","Utilities","$70,600,432,896","4.08%","30.86","2.96","2.17","Analyze"
"GD","General Dynamics Corp","Common stocks","Large cap","Industrials","$68,346,218,351","1.98%","20.88","1.78","3.80","Analyze"
"MMM","3M","Common stocks","Large cap","Industrials","$67,904,467,108","4.77%","12.33","1.92","4.62","Analyze"
"OXY","Occidental Petroleum Corp","Common stocks","Large cap","Energy","$67,627,701,261","0.55%","10.49","2.33","2.76","Analyze"
"ITW","Illinois Tool Inc","Common stocks","Large cap","Industrials","$64,816,325,969","2.33%","24.62","4.36","18.46","Analyze"
"WM","Waste Management Inc","Common stocks","Large cap","Industrials","$64,498,266,094","1.60%","33.51","3.49","8.95","Analyze"
"BDX","Becton Dickinson","Common stocks","Large cap","Health Care","$63,028,119,752","1.55%","34.42","3.15","2.57","Analyze"
"PXD","Pioneer Natural Resource","Common stocks","Large cap","Energy","$61,854,394,925","7.77%","14.71","2.95","2.61","Analyze"
"PNC","PNC Financial Services Group, Inc.","Common stocks","Large cap","Financials","$61,832,840,949","3.70%","12.56","3.14","1.28","Analyze"
"USB","US Bancorp","Common stocks","Large cap","Financials","$61,661,674,669","4.41%","9.23","2.70","1.24","Analyze"
"CME","CME Group Inc Class A","Common stocks","Large cap","Financials","$61,484,193,411","2.27%","22.34","12.85","2.22","Analyze"
"ETN","Eaton Corporation, PLC","Common stocks","Large cap","Industrials","$61,480,443,000","2.05%","28.45","3.11","3.80","Analyze"
"ZTS","Zoetis Inc","Common stocks","Large cap","Health Care","$61,391,691,808","0.99%","30.19","7.78","13.43","Analyze"
"CSX","CSX Corp","Common stocks","Large cap","Industrials","$60,969,853,141","1.35%","15.50","4.65","4.62","Analyze"
"CL","Colgate-Palmolive","Common stocks","Large cap","Consumer Staples","$60,461,156,662","2.55%","29.91","3.46","190.43","Analyze"
"HCA","HCA Healthcare, Inc.","Common stocks","Large cap","Health Care","$60,147,977,925","1.01%","8.80","1.01","-29.47","Analyze"
"FISV","Fiserv Inc","Common stocks","Large cap","Information Technology","$60,054,605,147","0.00%","35.35","3.62","1.92","Analyze"
"MET","Metlife Inc","Common stocks","Large cap","Financials","$59,453,485,250","2.65%","9.04","0.90","1.12","Analyze"
"BSX","Boston Scientific Corp","Common stocks","Large cap","Health Care","$59,370,091,894","0.00%","78.96","4.88","3.55","Analyze"
"MRNA","Moderna, Inc.","Common stocks","Large cap","Health Care","$58,669,528,758","0.00%","4.01","2.60","3.44","Analyze"
"APD","Air Products And Chemicals Inc","Common stocks","Large cap","Materials","$58,559,367,228","2.38%","27.40","5.14","4.39","Analyze"
"MU","Micron Technology Inc","Common stocks","Large cap","Information Technology","$58,141,775,872","0.80%","6.44","1.87","1.22","Analyze"
"D","Dominion Energy Inc","Common stocks","Large cap","Utilities","$57,634,168,636","3.76%","18.80","4.01","1.92","Analyze"
"AON","Aon Plc","Common stocks","Large cap","Financials","$57,172,082,981","0.79%","42.39","4.63","49.16","Analyze"
"TFC","Truist Financial Corporation","Common stocks","Large cap","Financials","$56,599,849,846","4.53%","9.61","2.56","0.89","Analyze"
"MCK","Mckesson Corp","Common stocks","Large cap","Health Care","$56,374,251,778","0.49%","50.49","0.21","-24.75","Analyze"
"SHW","Sherwin Williams","Common stocks","Large cap","Materials","$56,283,358,521","1.08%","30.69","2.77","25.08","Analyze"
"ATVI","Activision Blizzard Inc","Common stocks","Large cap","Communication Services","$56,247,843,965","0.65%","22.74","6.78","3.15","Analyze"
"DG","Dollar General Corp","Common stocks","Large cap","Consumer Discretionary","$56,221,497,736","0.83%","23.33","1.65","8.94","Analyze"
"CCI","Crown Castle International Corp.","REITs","Large cap","Real Estate","$56,000,637,620","4.49%","38.60","8.49","7.01","Analyze"
"MPC","Marathon Petroleum Corp","Common stocks","Large cap","Energy","$55,395,710,461","1.94%","5.09","0.41","2.30","Analyze"
"GM","General Motors","Common stocks","Large cap","Consumer Discretionary","$54,711,033,267","0.23%","6.26","0.42","0.89","Analyze"
"LRCX","Lam Research Corp","Common stocks","Large cap","Information Technology","$53,654,358,369","1.57%","11.82","3.21","8.90","Analyze"
"CHTR","Charter Communications Inc Class A","Common stocks","Large cap","Communication Services","$53,590,182,734","0.00%","10.61","1.02","4.44","Analyze"
"ICE","Intercontinental Exchange Inc","Common stocks","Large cap","Financials","$53,316,006,741","1.53%","13.26","5.80","2.38","Analyze"
"EQIX","Equinix, Inc.","REITs","Large cap","Real Estate","$53,310,859,540","2.07%","108.51","7.87","4.87","Analyze"
"ADM","Archer-Daniels-Midland Company","Common stocks","Large cap","Consumer Staples","$52,889,899,376","1.62%","17.01","0.59","2.20","Analyze"
"NSC","Norfolk Southern Corp","Common stocks","Large cap","Industrials","$52,602,344,336","2.17%","17.83","4.61","4.02","Analyze"
"F","Ford Motor Company","Common stocks","Large cap","Consumer Discretionary","$52,372,253,225","3.36%","4.61","0.38","1.19","Analyze"
"ORLY","Oreilly Automotive Inc","Common stocks","Large cap","Consumer Discretionary","$51,881,109,735","0.00%","24.19","3.83","-158.04","Analyze"
"EMR","Emerson Electric","Common stocks","Large cap","Industrials","$51,449,013,000","2.35%","18.37","2.72","4.98","Analyze"
"KDP","Keurig Dr Pepper Inc.","Common stocks","Large cap","Consumer Staples","$51,395,759,931","2.08%","21.36","4.00","2.01","Analyze"
"VLO","Valero Energy Corp","Common stocks","Large cap","Energy","$50,006,224,389","2.98%","19.56","0.38","2.64","Analyze"
"PSX","Phillips 66","Common stocks","Large cap","Energy","$49,605,989,123","3.61%","19.54","0.39","2.28","Analyze"
"PSA","Public Storage","REITs","Large cap","Real Estate","$48,593,872,808","2.78%","26.02","13.42","5.03","Analyze"
"CTVA","Corteva, Inc.","Common stocks","Large cap","Materials","$48,473,426,000","0.85%","27.46","3.01","1.84","Analyze"
"CNC","Centene Corp","Common stocks","Large cap","Health Care","$48,177,374,680","0.00%","9.28","0.36","1.70","Analyze"
"MNST","Monster Beverage Corp","Common stocks","Large cap","Consumer Staples","$47,993,999,740","0.00%","35.38","8.25","6.99","Analyze"
"SRE","Sempra Energy","Common stocks","Large cap","Utilities","$47,966,899,614","2.94%","49.06","3.57","8.42","Analyze"
"MAR","Marriott International Inc","Common stocks","Large cap","Consumer Discretionary","$47,540,282,920","0.41%","31.97","3.02","26.83","Analyze"
"AZO","Autozone Inc","Common stocks","Large cap","Consumer Discretionary","$47,044,705,084","0.00%","19.42","3.02","-14.91","Analyze"
"GIS","General Mills Inc","Common stocks","Large cap","Consumer Staples","$46,835,898,142","2.63%","20.39","2.51","4.66","Analyze"
"MCO","Moodys Corp","Common stocks","Large cap","Financials","$46,646,384,000","1.06%","24.01","7.60","19.82","Analyze"
"KHC","Kraft Heinz","Common stocks","Large cap","Consumer Staples","$46,535,096,930","4.15%","37.99","1.81","0.94","Analyze"
"DVN","Devon Energy Corp","Common stocks","Large cap","Energy","$46,236,201,000","4.58%","13.03","3.31","5.02","Analyze"
"STZ","Constellation Brands Class A","Common stocks","Large cap","Consumer Staples","$45,993,199,516","1.30%","91.39","5.21","3.36","Analyze"
"AEP","American Electric Power Inc","Common stocks","Large cap","Utilities","$45,569,430,965","3.48%","17.34","2.66","827.03","Analyze"
"FCX","Freeport-McMoRan, Inc.","Common stocks","Large cap","Materials","$45,107,771,110","1.18%","9.83","1.83","3.38","Analyze"
"EL","Estee Lauder Inc Class A","Common stocks","Large cap","Consumer Staples","$44,815,558,346","1.23%","14.51","2.47","7.92","Analyze"
"LHX","L3Harris Technologies, Inc.","Common stocks","Large cap","Industrials","$44,740,848,769","1.85%","23.56","2.58","2.27","Analyze"
"KLAC","KLA-Tencor Corporation","Common stocks","Large cap","Information Technology","$44,561,910,742","1.41%","14.15","5.15","10.92","Analyze"
"APH","Amphenol Corp","Common stocks","Large cap","Information Technology","$44,185,769,595","1.07%","26.90","3.86","7.06","Analyze"
"HES","Hess Corp","Common stocks","Large cap","Energy","$43,996,278,143","0.96%","62.66","5.58","7.19","Analyze"
"DXCM","Dexcom Inc","Common stocks","Large cap","Health Care","$43,492,664,875","0.00%","205.44","16.91","19.87","Analyze"
"AIG","American International Group Inc","Common stocks","Large cap","Financials","$42,803,078,376","2.20%","4.42","0.81","0.77","Analyze"
"SNPS","Synopsys Inc","Common stocks","Large cap","Information Technology","$42,706,609,266","0.00%","41.93","8.97","7.60","Analyze"
"TRV","Travelers Companies Inc","Common stocks","Large cap","Financials","$42,609,066,996","1.98%","10.93","1.21","1.68","Analyze"
"EW","Edwards Lifesciences Corp","Common stocks","Large cap","Health Care","$42,449,765,861","0.00%","27.54","7.92","7.25","Analyze"
"ROP","Roper Technologies Inc","Common stocks","Large cap","Information Technology","$42,179,022,917","0.62%","14.56","6.93","3.10","Analyze"
"ADSK","Autodesk Inc","Common stocks","Large cap","Information Technology","$41,924,144,303","0.00%","84.35","9.56","49.37","Analyze"
"CTAS","Cintas Corp","Common stocks","Large cap","Industrials","$41,729,035,034","0.97%","34.56","5.48","12.67","Analyze"
"RSG","Republic Services Inc","Common stocks","Large cap","Industrials","$41,639,443,337","1.42%","30.49","3.57","4.57","Analyze"
"JCI","Johnson Controls International Plc","Common stocks","Large cap","Industrials","$41,597,253,836","2.28%","35.59","1.68","2.66","Analyze"
"KMB","Kimberly Clark Corp","Common stocks","Large cap","Consumer Staples","$41,180,785,310","3.74%","23.59","2.08","58.65","Analyze"
"SYY","Sysco Corp","Common stocks","Large cap","Consumer Staples","$41,174,861,488","2.34%","41.69","0.63","31.54","Analyze"
"TWTR","Twitter Inc","Common stocks","Large cap","Communication Services","$41,093,718,362","0.00%","183.56","7.84","6.96","Analyze"
"AFL","Aflac Inc","Common stocks","Large cap","Financials","$41,019,391,303","2.30%","10.28","1.93","1.41","Analyze"
"PAYX","Paychex Inc","Common stocks","Large cap","Information Technology","$40,739,684,163","1.97%","29.97","9.06","12.40","Analyze"
"KMI","Kinder Morgan Inc","Common stocks","Large cap","Energy","$40,549,266,961","5.97%","39.20","2.58","1.33","Analyze"
"WMB","Williams Inc","Common stocks","Large cap","Energy","$40,387,965,298","4.99%","27.84","3.70","3.61","Analyze"
"BIIB","Biogen Inc","Common stocks","Large cap","Health Care","$40,356,393,471","0.00%","27.84","3.73","3.59","Analyze"
"FDX","FedEx Corporation","Common stocks","Large cap","Industrials","$40,313,250,177","2.44%","7.94","0.44","1.66","Analyze"
"ENPH","Enphase Energy Inc","Common stocks","Large cap","Information Technology","$40,248,328,905","0.00%","243.09","26.45","121.60","Analyze"
"MSI","Motorola Solutions Inc","Common stocks","Large cap","Information Technology","$39,846,797,316","1.32%","33.63","4.81","-134.93","Analyze"
"A","Agilent Technologies Inc","Common stocks","Large cap","Health Care","$39,805,615,042","0.62%","33.43","6.18","7.82","Analyze"
"AJG","Arthur J Gallagher","Common stocks","Large cap","Financials","$39,500,874,000","1.07%","41.23","4.67","4.42","Analyze"
"CDNS","Cadence Design Systems Inc","Common stocks","Large cap","Information technology","$39,188,783,760","0.00%","52.66","12.43","14.20","Analyze"
"CMG","Chipotle Mexican Grill Inc","Common stocks","Large cap","Consumer Discretionary","$38,584,184,159","0.00%","56.63","4.93","18.16","Analyze"
"TT","Trane Technologies plc","Common stocks","Large cap","Industrials","$38,182,387,075","1.57%","26.68","2.64","6.44","Analyze"
"COF","Capital One Financial Corp","Common stocks","Large cap","Financials","$37,928,867,189","2.41%","3.56","1.20","0.70","Analyze"
"PRU","Prudential Financial Inc","Common stocks","Large cap","Financials","$37,880,760,000","4.59%","8.10","0.56","0.89","Analyze"
"IQV","IQVIA Holdings, Inc.","Common stocks","Large cap","Health Care","$37,864,961,089","0.00%","35.13","2.70","6.40","Analyze"
"NXPI","NXP Semiconductors Nv","Common stocks","Large cap","Information Technology","$37,535,684,761","2.12%","24.73","3.23","5.77","Analyze"
"PCG","Pacific Gas & Electric Co.","Common stocks","Large cap","Utilities","$37,474,743,860","0.00%","149.19","1.73","1.76","Analyze"
"ECL","Ecolab Inc","Common stocks","Large cap","Materials","$37,433,332,471","1.55%","34.65","2.85","5.42","Analyze"
"ANET","Arista Networks Inc","Common stocks","Large cap","Information Technology","$37,356,252,306","0.00%","42.94","11.83","9.64","Analyze"
"O","Realty Income Corporation","REITs","Large cap","Real Estate","$37,076,503,599","4.72%","81.89","15.16","1.49","Analyze"
"SPG","Simon Property Group, Inc","REITs","Large cap","Real Estate","$36,853,256,300","5.86%","16.99","7.12","11.62","Analyze"
"PH","Parker-Hannifin Corp","Common stocks","Large cap","Industrials","$36,761,633,146","1.64%","22.68","2.35","4.29","Analyze"
"EXC","Exelon Corp","Common stocks","Large cap","Utilities","$36,238,261,235","3.44%","13.98","1.14","1.54","Analyze"
"FTNT","Fortinet Inc","Common stocks","Large cap","Information Technology","$36,216,758,782","0.00%","56.77","10.10","166.36","Analyze"
"TEL","TE Connectivity Ltd","Common stocks","Large cap","Information Technology","$36,125,811,436","1.87%","14.93","2.33","3.57","Analyze"
"MSCI","MSCI Inc","Common stocks","Large cap","Financials","$36,073,126,591","0.97%","48.65","16.98","-41.92","Analyze"
"XEL","Xcel Energy Inc","Common stocks","Large cap","Utilities","$35,653,239,514","2.92%","22.21","2.61","2.28","Analyze"
"EA","Electronic Arts Inc","Common stocks","Large cap","Communication Services","$35,206,099,052","0.57%","44.62","5.04","4.62","Analyze"
"DLTR","Dollar Tree Inc","Common stocks","Large cap","Consumer Discretionary","$34,934,166,540","0.00%","24.60","1.33","4.53","Analyze"
"FIS","Fidelity National Information Services","Common stocks","Large cap","Information Technology","$34,764,213,832","3.13%","40.20","2.46","0.78","Analyze"
"HLT","Hilton Worldwide Holdings Inc","Common stocks","Large cap","Consumer Discretionary","$34,753,598,185","0.23%","48.17","5.24","-50.38","Analyze"
"HSY","Hershey Foods","Common stocks","Large cap","Consumer Staples","$34,086,977,533","1.60%","20.83","3.65","11.54","Analyze"
"YUM","Yum Brands Inc","Common stocks","Large cap","Consumer Discretionary","$34,002,825,643","1.84%","21.03","5.12","-4.08","Analyze"
"KR","Kroger","Common stocks","Large cap","Consumer Staples","$33,800,374,383","1.87%","30.50","0.00","3.51","Analyze"
"PCAR","Paccar Inc","Common stocks","Large cap","Industrials","$33,726,499,424","1.39%","16.92","1.40","2.78","Analyze"
"NUE","Nucor Corp","Common stocks","Large cap","Materials","$33,710,109,692","1.54%","4.38","0.84","2.30","Analyze"
"BK","Bank Of New York Mellon Corp","Common stocks","Large cap","Financials","$33,560,526,851","3.38%","10.12","2.15","0.82","Analyze"
"HAL","Halliburton","Common stocks","Large cap","Energy","$33,470,604,200","1.10%","22.54","2.08","4.98","Analyze"
"ILMN","Illumina Inc","Common stocks","Large cap","Health Care","$33,294,203,000","0.00%","47.56","7.15","3.06","Analyze"
"CARR","Carrier Global Corporation","Common stocks","Large cap","Industrials","$32,923,615,846","1.51%","12.67","1.60","4.74","Analyze"
"ALL","Allstate Corp","Common stocks","Large cap","Financials","$32,875,378,793","2.68%","9.72","0.65","1.48","Analyze"
"MCHP","Microchip Technology Inc","Common stocks","Large cap","Information Technology","$32,850,710,056","1.78%","25.55","4.82","5.57","Analyze"
"CMI","Cummins Inc","Common stocks","Large cap","Industrials","$32,817,373,101","2.52%","17.27","1.35","3.98","Analyze"
"DOW","Dow Inc.","Common stocks","Large cap","Materials","$32,717,768,416","5.92%","5.01","0.56","1.83","Analyze"
"ABC","AmerisourceBergen Corp","Common stocks","Large cap","Health Care","$32,713,617,241","1.16%","19.40","0.14","60.88","Analyze"
"AMP","Ameriprise Finance Inc","Common stocks","Large cap","Financials","$32,634,962,417","1.54%","10.83","2.36","6.67","Analyze"
"CSGP","Costar Group Inc","Common stocks","Large cap","Industrials","$32,490,468,893","0.00%","105.60","16.23","5.60","Analyze"
"ALB","Albemarle Corp","Common stocks","Large cap","Materials","$32,165,471,121","0.57%","118.66","8.87","5.73","Analyze"
"ROST","Ross Stores Inc","Common stocks","Large cap","Consumer Discretionary","$32,033,896,717","1.31%","28.18","1.69","7.89","Analyze"
"BF.B","Brown Forman Inc Class B","Common stocks","Large cap","Consumer Staples","$31,788,385,649","1.13%","25.79","8.48","8.26","Analyze"
"ED","Consolidated Edison Inc","Common stocks","Large cap","Utilities","$31,462,068,491","3.50%","20.88","2.24","1.57","Analyze"
"WBA","Walgreen Boots Alliance Inc","Common stocks","Large cap","Consumer Staples","$30,908,419,872","5.26%","5.10","0.23","1.20","Analyze"
"CEG","Constellation Energy Corporation","Common stocks","Large cap","Utilities","$30,857,460,808","0.45%","-49.29","1.47","2.78","Analyze"
"VICI","VICI Properties Inc","REITs","Large cap","Real Estate","$30,809,500,158","4.51%","30.75","19.85","1.97","Analyze"
"RMD","Resmed Inc","Common stocks","Large cap","Health Care","$30,606,293,831","0.81%","39.63","8.90","9.42","Analyze"
"IDXX","Idexx Laboratories Inc","Common stocks","Large cap","Health Care","$30,575,192,355","0.00%","41.62","9.34","47.79","Analyze"
"TDG","Transdigm Group Inc","Common stocks","Large cap","Industrials","$30,539,534,794","0.00%","35.40","6.09","-10.84","Analyze"
"AME","Ametek Inc","Common stocks","Large cap","Industrials","$30,250,077,173","0.65%","29.77","5.23","4.48","Analyze"
"NDAQ","Nasdaq Inc","Common stocks","Large cap","Financials","$30,245,031,100","1.23%","25.81","5.24","5.03","Analyze"
"GWW","W.W. Grainger Inc","Common stocks","Large cap","Industrials","$30,034,593,927","1.12%","25.62","2.21","14.41","Analyze"
"NEM","Newmont Corporation","Common stocks","Large cap","Materials","$29,995,386,644","5.73%","30.84","2.42","1.52","Analyze"
"DD","DuPont de Nemours, Inc.","Common stocks","Large cap","Materials","$29,858,763,034","2.15%","19.87","1.87","1.19","Analyze"
"KEYS","Keysight Technologies Inc","Common stocks","Large cap","Information Technology","$29,853,614,037","0.00%","28.64","5.81","7.75","Analyze"
"MTB","M&T Bank Corp","Common stocks","Large cap","Financials","$29,458,551,116","2.90%","17.75","4.95","1.68","Analyze"
"ODFL","Old Dominion Freight Line Inc","Common stocks","Large cap","Industrials","$29,399,882,078","0.42%","25.91","5.22","8.39","Analyze"
"OTIS","Otis Worldwide Corporation","Common stocks","Large cap","Industrials","$29,248,508,466","1.50%","24.42","2.04","-6.07","Analyze"
"SBAC","SBA Communications Corporation","REITs","Large cap","Real Estate","$29,159,516,113","1.00%","66.58","12.25","-5.37","Analyze"
"WBD","Warner Bros. Discovery, Inc. - Series A","Common stocks","Large cap","Communication Services","$29,058,286,546","0.00%","20.37","2.31","2.12","Analyze"
"LVS","Las Vegas Sands Corp","Common stocks","Large cap","Consumer Discretionary","$28,923,692,941","0.00%","16.65","7.27","6.79","Analyze"
"WEC","WEC Energy Group Inc","Common stocks","Large cap","Utilities","$28,512,127,257","3.13%","21.26","3.34","2.56","Analyze"
"PEG","Public Service Enterprise Group Inc","Common stocks","Large cap","Utilities","$28,470,072,393","3.69%","-22.25","3.11","2.12","Analyze"
"BKR","Baker Hughes Company Class A","Common stocks","Large cap","Energy","$28,141,238,127","1.90%","92.59","1.37","1.80","Analyze"
"ROK","Rockwell Automation Inc","Common stocks","Large cap","Industrials","$28,031,172,354","1.83%","44.30","3.83","10.85","Analyze"
"FAST","Fastenal","Common stocks","Large cap","Industrials","$27,618,481,414","2.55%","28.07","4.39","8.79","Analyze"
"MTD","Mettler Toledo Inc","Common stocks","Large cap","Health Care","$27,590,178,001","0.00%","36.44","7.24","341.85","Analyze"
"FANG","Diamondback Energy Inc","Common stocks","Large cap","Energy","$27,495,611,400","1.58%","10.03","3.43","2.16","Analyze"
"DLR","Digital Realty Trust, Inc","REITs","Large cap","Real Estate","$27,289,374,598","5.00%","20.27","6.11","1.57","Analyze"
"CPRT","Copart Inc","Common stocks","Large cap","Industrials","$26,994,665,114","0.00%","0.00","0.00","0.00","Analyze"
"GLW","Corning Inc","Common stocks","Large cap","Information Technology","$26,964,466,667","3.26%","25.64","1.86","2.24","Analyze"
"CTSH","Cognizant Technology Solutions","Common stocks","Large cap","Information Technology","$26,904,104,807","2.01%","12.26","1.42","2.25","Analyze"
"HPQ","HP Inc","Common stocks","Large cap","Information Technology","$26,818,329,181","3.71%","4.36","0.41","-12.22","Analyze"
"STT","State Street Corp","Common stocks","Large cap","Financials","$26,812,316,541","3.16%","10.38","2.36","1.06","Analyze"
"DFS","Discover Financial Services","Common stocks","Large cap","Financials","$26,770,660,455","2.23%","5.45","2.20","2.03","Analyze"
"WELL","Welltower Inc","REITs","Large cap","Real Estate","$26,511,718,002","2.08%","84.74","5.24","1.55","Analyze"
"OKE","Oneok Inc","Common stocks","Large cap","Energy","$26,498,930,061","6.16%","18.05","1.41","4.53","Analyze"
"ES","Eversource Energy","Common stocks","Large cap","Utilities","$26,398,980,679","3.27%","20.60","2.51","1.80","Analyze"
"VRSK","Verisk Analytics Inc","Common stocks","Large cap","Industrials","$25,861,875,292","0.74%","25.96","8.48","9.80","Analyze"
"PPG","PPG Industries Inc","Common stocks","Large cap","Materials","$25,784,855,396","2.16%","25.15","1.50","4.36","Analyze"
"ON","ON Semiconductor Corp","Common stocks","Large cap","Information Technology","$25,595,151,286","0.00%","17.65","3.55","5.12","Analyze"
"DHI","D R Horton Inc","Common stocks","Large cap","Consumer Discretionary","$25,585,061,888","1.22%","5.19","0.84","1.56","Analyze"
"GPN","Global Payments Inc","Common stocks","Large cap","Information Technology","$25,509,644,114","1.06%","26.00","2.94","1.05","Analyze"
"RJF","Raymond James Inc","Common stocks","Large cap","Financials","$25,471,665,674","1.15%","17.27","2.43","3.02","Analyze"
"BAX","Baxter International Inc","Common stocks","Large cap","Health Care","$25,427,851,084","2.25%","24.12","1.88","2.81","Analyze"
"LYB","Lyondellbasell Industries NV","Common stocks","Large cap","Materials","$25,336,837,132","5.76%","4.65","0.50","2.15","Analyze"
"IT","Gartner Inc","Common stocks","Large cap","Information Technology","$25,232,484,534","0.00%","31.48","5.16","213.69","Analyze"
"AWK","American Water Works Inc","Common stocks","Large cap","Utilities","$25,063,154,152","1.81%","19.63","6.45","3.39","Analyze"
"HRL","Hormel Foods Corp","Common stocks","Large cap","Consumer Staples","$25,026,774,215","2.25%","27.16","2.09","3.54","Analyze"
"GPC","Genuine Parts","Common stocks","Large cap","Consumer Discretionary","$24,992,616,840","1.96%","27.14","1.27","7.00","Analyze"
"APTV","Aptiv Plc","Common stocks","Large cap","Consumer Discretionary","$24,822,691,349","0.00%","82.40","1.57","3.15","Analyze"
"CTRA","Coterra Energy Inc.","Common stocks","Large cap","Energy","$24,353,168,368","1.85%","14.03","5.22","1.96","Analyze"
"AVB","AvalonBay Communities, Inc","REITs","Large cap","Real Estate","$23,785,239,832","3.69%","20.81","10.09","2.13","Analyze"
"IFF","International Flavors & Fragrances","Common stocks","Large cap","Materials","$23,781,464,089","3.37%","43.48","1.92","1.16","Analyze"
"K","Kellogg","Common stocks","Large cap","Consumer Staples","$23,641,261,233","3.32%","15.41","1.66","6.26","Analyze"
"WTW","Willis Towers Watson Public Limited Company","Common stocks","Large cap","Financials","$23,591,471,873","1.49%","5.53","2.59","2.18","Analyze"
"ARE","Alexandria Real Estate Equities, Inc","REITs","Large cap","Real Estate","$23,479,248,323","3.22%","59.41","10.44","1.41","Analyze"
"TSCO","Tractor Supply","Common stocks","Large cap","Consumer Discretionary","$23,455,428,595","1.54%","22.86","1.81","12.81","Analyze"
"CDW","CDW Corp","Common stocks","Large cap","Information Technology","$23,399,623,419","1.15%","23.26","1.07","26.20","Analyze"
"FITB","Fifth Third Bancorp","Common stocks","Large cap","Financials","$23,289,273,259","3.58%","9.49","3.30","1.15","Analyze"
"EQR","Equity Residential","REITs","Large cap","Real Estate","$23,196,663,310","3.99%","17.24","9.21","2.14","Analyze"
"HIG","Hartford Financial Services Group","Common stocks","Large cap","Financials","$23,163,964,010","2.10%","9.22","1.08","1.48","Analyze"
"TROW","T Rowe Price Group Inc","Common stocks","Large cap","Financials","$22,619,108,271","4.55%","8.03","2.93","2.54","Analyze"
"VMC","Vulcan Materials","Common stocks","Large cap","Materials","$22,465,579,631","0.93%","37.44","3.73","3.44","Analyze"
"LEN","Lennar Corporation Class A","Common stocks","Large cap","Consumer Discretionary","$22,460,904,904","1.89%","5.16","0.80","0.98","Analyze"
"EIX","Edison International","Common stocks","Large cap","Utilities","$22,320,574,695","4.71%","38.60","1.40","1.43","Analyze"
"ETR","Entergy Corp","Common stocks","Large cap","Utilities","$22,243,757,753","3.65%","21.24","1.89","1.91","Analyze"
"MRO","Marathon Oil Corp","Common stocks","Large cap","Energy","$22,235,646,790","0.92%","10.53","3.60","1.99","Analyze"
"ZBH","Zimmer Biomet Holdings Inc","Common stocks","Large cap","Health Care","$22,122,639,165","0.91%","54.79","2.89","1.83","Analyze"
"FTV","Fortive Corp","Common stocks","Large cap","Industrials","$22,088,249,235","0.45%","35.45","4.11","2.39","Analyze"
"LUV","Southwest Airlines","Common stocks","Large cap","Industrials","$21,945,074,068","0.00%","37.70","1.19","2.11","Analyze"
"URI","United Rentals Inc","Common stocks","Large cap","Industrials","$21,924,351,795","0.00%","14.48","2.15","3.69","Analyze"
"CBRE","CBRE Group Inc","Common stocks","Large cap","Real Estate","$21,749,897,356","0.00%","11.39","0.75","2.64","Analyze"
"DTE","DTE Energy","Common stocks","Large cap","Utilities","$21,671,979,113","3.13%","24.11","1.34","2.46","Analyze"
"WY","Weyerhaeuser Company","REITs","Large cap","Real Estate","$21,628,600,630","2.38%","8.26","2.00","2.18","Analyze"
"FE","Firstenergy Corp","Common stocks","Large cap","Utilities","$21,623,705,835","3.03%","17.53","1.90","2.48","Analyze"
"HBAN","Huntington Bancshares Inc","Common stocks","Large cap","Financials","$21,525,595,085","4.09%","19.86","3.43","1.17","Analyze"
"EBAY","Ebay Inc","Common stocks","Large cap","Consumer Discretionary","$21,326,459,355","2.15%","1.83","2.08","3.02","Analyze"
"ULTA","Ulta Beauty Inc","Common stocks","Large cap","Consumer Discretionary","$21,289,703,429","0.00%","21.73","2.47","13.96","Analyze"
"PFG","Principal Financial Group Inc","Common stocks","Large cap","Financials","$21,167,508,163","2.92%","13.49","1.49","1.78","Analyze"
"CF","CF Industries Holdings Inc","Common stocks","Large cap","Materials","$20,970,178,703","1.32%","12.73","2.51","5.25","Analyze"
"AEE","Ameren Corp","Common stocks","Large cap","Utilities","$20,964,190,890","2.85%","20.75","3.13","2.14","Analyze"
"ROL","Rollins Inc","Common stocks","Large cap","Industrials","$20,826,659,318","0.94%","62.45","8.40","18.64","Analyze"
"IR","Ingersoll Rand Plc","Common stocks","Large cap","Industrials","$20,711,410,847","0.16%","17.52","3.86","2.37","Analyze"
"MKC","McCormick & Co  Non-voting","Common stocks","Large cap","Consumer Staples","$20,678,066,810","1.91%","26.46","3.25","4.31","Analyze"
"EXR","Extra Space Storage Inc","REITs","Large cap","Real Estate","$20,655,931,553","3.68%","24.88","12.43","6.42","Analyze"
"PWR","Quanta Services Inc","Common stocks","Large cap","Industrials","$20,653,945,220","0.19%","43.66","1.45","4.09","Analyze"
"MOH","Molina Healthcare Inc","Common stocks","Large cap","Health Care","$20,612,280,000","0.00%","28.02","0.71","6.91","Analyze"
"MLM","Martin Marietta Materials Inc","Common stocks","Large cap","Materials","$20,585,548,689","0.75%","31.80","3.64","3.26","Analyze"
"RF","Regions Financial Corp","Common stocks","Large cap","Financials","$20,547,375,187","3.19%","9.09","3.53","1.24","Analyze"
"DAL","Delta Air Lines Inc","Common stocks","Large cap","Industrials","$20,498,791,933","0.00%","40.71","0.58","7.02","Analyze"
"FRC","First Republic Bank","Common stocks","Large cap","Financials","$20,314,461,388","0.91%","14.43","3.89","1.27","Analyze"
"CAH","Cardinal Health Inc","Common stocks","Large cap","Health Care","$19,826,557,534","2.58%","-21.82","0.11","-29.89","Analyze"
"LH","Laboratory Corporation Of America","Common stocks","Large cap","Health Care","$19,809,188,000","0.64%","9.62","1.25","1.88","Analyze"
"WRB","WR Berkley Corp","Common stocks","Large cap","Financials","$19,789,364,308","0.50%","14.36","1.93","2.89","Analyze"
"PAYC","Paycom Software Inc","Common stocks","Large cap","Information Technology","$19,588,398,143","0.00%","82.32","17.23","18.22","Analyze"
"PPL","PPL Corporation","Common stocks","Large cap","Utilities","$19,567,791,160","3.95%","31.40","3.23","1.43","Analyze"
"EFX","Equifax Inc","Common stocks","Large cap","Industrials","$19,560,337,783","0.97%","26.12","3.85","5.21","Analyze"
"CFG","Citizens Financial Group Inc","Common stocks","Large cap","Financials","$19,394,526,281","4.08%","9.87","2.92","0.90","Analyze"
"XYL","Xylem Inc","Common stocks","Large cap","Industrials","$19,314,341,584","1.10%","45.79","3.71","6.04","Analyze"
"TSN","Tyson Foods Inc Class A","Common stocks","Large cap","Consumer Staples","$19,276,905,523","2.75%","4.81","0.38","1.03","Analyze"
"INVH","Invitation Homes Inc","REITs","Large cap","Real Estate","$19,173,814,746","2.63%","64.05","9.34","1.86","Analyze"
"VRSN","Verisign Inc","Common stocks","Large cap","Information Technology","$19,103,105,207","0.00%","23.65","14.14","-14.58","Analyze"
"TTWO","Take Two Interactive Software Inc","Common stocks","Large cap","Communication Services","$18,552,674,799","0.00%","43.28","5.29","4.75","Analyze"
"ANSS","Ansys Inc","Common stocks","Large cap","Information Technology","$18,473,020,554","0.00%","40.76","9.38","4.23","Analyze"
"TDY","Teledyne Technologies Inc","Common stocks","Large cap","Information Technology","$18,328,003,496","0.00%","32.30","3.57","2.36","Analyze"
"HOLX","Hologic Inc","Common stocks","Large cap","Health Care","$18,292,085,055","0.00%","11.79","3.39","3.82","Analyze"
"DOV","Dover Corp","Common stocks","Large cap","Industrials","$18,288,119,685","1.53%","16.72","2.26","4.31","Analyze"
"WAT","Waters Corp","Common stocks","Large cap","Health Care","$17,898,708,467","0.00%","25.93","6.24","48.72","Analyze"
"HPE","Hewlett Packard Enterprise","Common stocks","Large cap","Information Technology","$17,756,472,365","3.43%","4.93","0.64","0.90","Analyze"
"MOS","Mosaic","Common stocks","Large cap","Materials","$17,679,753,358","1.00%","6.72","1.26","1.53","Analyze"
"CNP","Centerpoint Energy Inc","Common stocks","Large cap","Utilities","$17,633,293,024","2.44%","11.38","2.06","1.80","Analyze"
"LYV","Live Nation Entertainment Inc","Common stocks","Large cap","Communication Services","$17,574,446,714","0.00%","-36.27","2.26","-31.41","Analyze"
"MAA","Mid-America Apartment Communities, Inc","REITs","Large cap","Real Estate","$17,560,590,127","3.04%","29.91","9.60","3.00","Analyze"
"JBHT","JB Hunt Transport Services Inc","Common stocks","Large cap","Industrials","$17,517,429,750","0.94%","20.43","1.34","5.38","Analyze"
"AES","AES Corp","Common stocks","Large cap","Utilities","$17,493,181,298","2.39%","-121.05","1.54","5.81","Analyze"
"J","Jacobs Engineering Group Inc.","Common stocks","Large cap","Industrials","$17,485,555,712","0.68%","0.00","1.22","0.00","Analyze"
"CHD","Church And Dwight Inc","Common stocks","Large cap","Consumer Staples","$17,431,709,444","1.45%","21.46","3.32","5.12","Analyze"
"EPAM","Epam Systems Inc","Common stocks","Large cap","Information Technology","$17,268,170,706","0.00%","38.78","4.16","7.03","Analyze"
"CAG","Conagra Brands Inc","Common stocks","Large cap","Consumer Staples","$17,142,951,600","3.54%","16.60","1.51","1.97","Analyze"
"INCY","Incyte Corp","Common stocks","Large cap","Health Care","$17,108,363,489","0.00%","18.34","5.49","4.43","Analyze"
"NTRS","Northern Trust Corporation","Common stocks","Large cap","Financials","$17,092,169,343","3.44%","11.33","2.68","1.50","Analyze"
"DRI","Darden Restaurants Inc","Common stocks","Large cap","Consumer Discretionary","$17,069,323,119","3.27%","16.64","1.83","7.57","Analyze"
"CLX","Clorox","Common stocks","Large cap","Consumer Staples","$17,055,480,489","3.34%","37.90","2.40","43.40","Analyze"
"ABMD","Abiomed Inc","Common stocks","Large cap","Health Care","$17,047,163,544","0.00%","75.61","16.52","11.34","Analyze"
"WAB","Westinghouse Air Brake Technologies","Common stocks","Large cap","Industrials","$16,871,881,743","0.61%","29.22","2.13","1.73","Analyze"
"IEX","IDEX Corp","Common stocks","Large cap","Industrials","$16,648,455,601","1.06%","35.21","5.81","5.79","Analyze"
"KEY","Keycorp","Common stocks","Large cap","Financials","$16,644,177,539","4.31%","7.25","2.38","1.11","Analyze"
"CMS","CMS Energy Corp","Common stocks","Large cap","Utilities","$16,515,316,154","3.20%","16.57","2.15","1.69","Analyze"
"DGX","Quest Diagnostics Inc","Common stocks","Large cap","Health Care","$16,283,629,889","1.81%","8.72","1.52","2.56","Analyze"
"STE","STERIS PLC","Common stocks","Large cap","Health Care","$16,197,370,786","1.09%","66.82","3.53","2.49","Analyze"
"GRMN","Garmin Ltd","Common stocks","Large cap","Consumer Discretionary","$16,103,603,651","1.57%","15.45","3.17","2.65","Analyze"
"PKI","Perkinelmer Inc","Common stocks","Large cap","Health Care","$16,089,766,142","0.22%","22.57","3.21","2.29","Analyze"
"BALL","Ball Corporation","Common stocks","Large cap","Materials","$16,039,109,071","1.57%","14.22","1.11","4.10","Analyze"
"AMCR","Amcor plc","Common stocks","Large cap","Materials","$16,036,740,618","4.40%","17.46","1.14","3.68","Analyze"
"BRO","Brown & Brown Inc","Common stocks","Large cap","Financials","$15,969,964,369","0.75%","25.92","5.09","3.63","Analyze"
"EXPD","Expeditors International Of Washington","Common stocks","Large cap","Industrials","$15,918,166,053","1.32%","10.80","0.88","4.14","Analyze"
"SJM","J.M. Smucker","Common stocks","Large cap","Consumer Staples","$15,853,601,789","2.65%","27.61","2.01","1.93","Analyze"
"FOX","Fox Corporation Class B","Common stocks","Large cap","Communication Services","$15,790,050,182","1.74%","5.84","1.14","0.60","Analyze"
"FOXA","Fox Corporation Class A","Common stocks","Large cap","Communication Services","$15,790,050,182","1.63%","7.86","1.14","0.81","Analyze"
"TRGP","Targa Resources Corp","Common stocks","Large cap","Energy","$15,788,786,112","1.99%","-125.04","0.86","9.39","Analyze"
"BR","Broadridge Financial Solutions Inc","Common stocks","Large cap","Information Technology","$15,755,224,303","1.96%","28.47","2.86","8.62","Analyze"
"FDS","Factset Research Systems Inc","Common stocks","Large cap","Financials","$15,716,276,889","0.83%","37.11","9.43","12.80","Analyze"
"MPWR","Monolithic Power Systems Inc","Common stocks","Large cap","Information Technology","$15,636,883,800","0.85%","56.62","11.75","11.79","Analyze"
"FMC","FMC Corp","Common stocks","Large cap","Materials","$15,536,636,943","1.71%","20.60","2.99","5.13","Analyze"
"WST","West Pharmaceutical Services Inc","Common stocks","Large cap","Health Care","$15,498,065,499","0.34%","23.32","5.38","6.86","Analyze"
"APA","Apache Corp","Common stocks","Large cap","Energy","$15,441,615,617","1.31%","6.20","1.76","16.57","Analyze"
"CPB","Campbell Soup","Common stocks","Large cap","Consumer Staples","$15,356,622,730","2.86%","16.54","1.85","4.55","Analyze"
"SYF","Synchrony Financial","Common stocks","Large cap","Financials","$15,327,419,381","2.62%","3.86","0.98","1.15","Analyze"
"CINF","Cincinnati Financial Corp","Common stocks","Large cap","Financials","$15,246,877,876","2.76%","7.43","1.77","1.26","Analyze"
"BBY","Best Buy Inc","Common stocks","Large cap","Consumer Discretionary","$15,099,523,225","4.90%","8.93","0.00","5.08","Analyze"
"VTR","Ventas, Inc","REITs","Large cap","Real Estate","$14,789,372,231","4.79%","108.90","3.76","1.48","Analyze"
"NTAP","NetApp Inc","Common stocks","Large cap","Information Technology","$14,702,616,286","2.92%","14.53","2.37","16.67","Analyze"
"ATO","Atmos Energy Corp","Common stocks","Large cap","Utilities","$14,652,279,491","2.57%","20.45","3.86","1.65","Analyze"
"LDOS","Leidos Holdings Inc","Common stocks","Large cap","Industrials","$14,582,041,941","1.34%","38.65","0.00","3.66","Analyze"
"HWM","Howmet Aerospace Inc.","Common stocks","Large cap","Industrials","$14,575,075,064","0.28%","48.57","2.87","4.31","Analyze"
"OMC","Omnicom Group Inc","Common stocks","Large cap","Communication Services","$14,506,593,346","3.88%","11.87","1.02","4.91","Analyze"
"IRM","Iron Mountain Incorporated","REITs","Large cap","Real Estate","$14,481,587,054","4.88%","32.12","3.11","18.95","Analyze"
"PTC","PTC Inc","Common stocks","Large cap","Information Technology","$14,468,333,901","0.00%","30.15","7.70","6.94","Analyze"
"EQT","EQT Corporation","Common stocks","Large cap","Energy","$14,443,260,297","1.01%","-5.73","2.60","1.84","Analyze"
"EVRG","Evergy Inc","Common stocks","Large cap","Utilities","$14,124,783,818","3.67%","17.73","2.72","1.56","Analyze"
"TXT","Textron Inc","Common stocks","Large cap","Industrials","$13,939,671,185","0.12%","19.18","1.12","2.10","Analyze"
"ESS","Essex Property Trust, Inc","REITs","Large cap","Real Estate","$13,856,668,230","4.01%","35.27","9.44","2.33","Analyze"
"LKQ","LKQ Corp","Common stocks","Large cap","Consumer Discretionary","$13,799,587,975","1.92%","12.57","1.04","2.39","Analyze"
"ALGN","Align Technology Inc","Common stocks","Large cap","Health Care","$13,733,762,169","0.00%","19.45","3.41","3.75","Analyze"
"RCL","Royal Caribbean Cruises Ltd","Common stocks","Large cap","Consumer Discretionary","$13,714,533,023","0.00%","-2.63","5.38","3.50","Analyze"
"AVY","Avery Dennison Corp","Common stocks","Large cap","Materials","$13,566,358,296","1.71%","19.39","1.56","7.31","Analyze"
"UAL","United Continental Holdings Inc","Common stocks","Large cap","Industrials","$13,380,195,383","0.00%","-7.02","0.46","3.84","Analyze"
"NVR","NVR, Inc.","Common stocks","Large cap","Consumer Discretionary","$13,339,535,974","0.00%","9.66","1.43","5.01","Analyze"
"EXPE","Expedia Inc","Common stocks","Large cap","Consumer Discretionary","$13,322,840,195","0.00%","61.97","1.39","6.41","Analyze"
"AKAM","Akamai Technologies Inc","Common stocks","Large cap","Information Technology","$13,250,667,440","0.00%","21.54","3.76","3.08","Analyze"
"CBOE","Cboe Global Markets, Inc.","Common stocks","Large cap","Financials","$13,247,174,525","1.54%","27.16","3.83","3.81","Analyze"
"SWKS","Skyworks Solutions Inc","Common stocks","Large cap","Information Technology","$13,211,090,128","2.77%","10.30","2.60","2.72","Analyze"
"L","Loews Corp","Common stocks","Large cap","Financials","$13,110,721,811","0.45%","7.96","0.97","0.79","Analyze"
"COO","Cooper Companies, Inc.","Common stocks","Large cap","Health Care","$13,104,319,777","0.02%","14.22","4.33","1.93","Analyze"
"JKHY","Jack Henry & Associates, Inc.","Common stocks","Large cap","Information Technology","$13,091,227,396","1.07%","36.43","6.85","9.85","Analyze"
"LNT","Alliant Energy Corp","Common stocks","Large cap","Utilities","$13,085,802,999","3.24%","19.24","3.41","2.15","Analyze"
"FLT","Fleetcor Technologies Inc","Common stocks","Large cap","Information Technology","$13,067,324,351","0.00%","15.22","4.34","4.58","Analyze"
"RE","Everest Re Group Ltd","Common stocks","Large cap","Financials","$13,047,619,668","1.92%","9.84","1.14","1.38","Analyze"
"PEAK","Healthpeak Properties, Inc.","REITs","Large cap","Real Estate","$12,895,588,055","4.93%","30.12","6.65","2.01","Analyze"
"TRMB","Trimble Inc","Common stocks","Large cap","Information Technology","$12,893,045,181","0.00%","27.27","3.42","3.34","Analyze"
"KIM","Kimco Realty Corporation","REITs","Large cap","Real Estate","$12,833,062,202","3.71%","14.45","8.50","1.32","Analyze"
"ETSY","Etsy Inc","Common stocks","Large cap","Consumer Discretionary","$12,664,687,967","0.00%","29.06","5.37","18.71","Analyze"
"UDR","UDR, Inc","REITs","Large cap","Real Estate","$12,559,401,872","3.84%","80.04","9.33","3.69","Analyze"
"TER","Teradyne Inc","Common stocks","Large cap","Information Technology","$12,556,644,751","0.54%","13.59","3.42","5.37","Analyze"
"NDSN","Nordson Corp","Common stocks","Large cap","Industrials","$12,471,931,728","1.00%","25.08","5.10","5.62","Analyze"
"DPZ","Dominos Pizza Inc","Common stocks","Large cap","Consumer Discretionary","$12,463,059,365","1.20%","26.32","2.84","-3.03","Analyze"
"SEDG","SolarEdge Technologies Inc","Common stocks","Large cap","Information Technology","$12,459,369,761","0.00%","70.43","5.63","6.03","Analyze"
"NLOK","NortonLifeLock Inc.","Common stocks","Large cap","Information Technology","$12,392,930,384","2.29%","19.55","4.43","-133.26","Analyze"
"MGM","MGM Resorts International","Common stocks","Large cap","Consumer Discretionary","$12,347,338,437","0.03%","8.69","1.13","2.63","Analyze"
"SIVB","SVB Financial Group","Common stocks","Large cap","Financials","$12,266,668,164","0.00%","7.37","2.18","0.79","Analyze"
"LW","Lamb Weston Holdings Inc","Common stocks","Large cap","Consumer Staples","$12,205,515,971","1.15%","52.44","3.09","31.33","Analyze"
"TYL","Tyler Technologies Inc","Common stocks","Large cap","Information Technology","$12,185,083,352","0.00%","72.90","6.95","5.02","Analyze"
"HST","Host Hotels & Resorts, Inc","REITs","Large cap","Real Estate","$12,146,025,631","1.23%","38.32","0.00","1.86","Analyze"
"MTCH","Match Group Inc","Common stocks","Large cap","Communication Services","$12,108,990,281","0.00%","42.64","3.89","-98.89","Analyze"
"TECH","Bio-Techne Corp","Common stocks","Large cap","Health Care","$11,970,749,423","0.42%","52.79","11.12","6.95","Analyze"
"ZBRA","Zebra Technologies Corp","Common stocks","Large cap","Information Technology","$11,736,485,681","0.00%","14.62","2.05","4.10","Analyze"
"SNA","Snap On Inc","Common stocks","Large cap","Industrials","$11,730,165,735","2.55%","14.41","2.51","2.83","Analyze"
"CPT","Camden Property Trust","REITs","Large cap","Real Estate","$11,726,606,093","3.28%","33.62","9.88","2.82","Analyze"
"VTRS","Viatris Inc.","Common stocks","Large cap","Health Care","$11,726,491,679","4.79%","70.14","0.66","0.58","Analyze"
"IP","International Paper","Common stocks","Large cap","Materials","$11,626,852,594","5.57%","6.79","0.60","1.35","Analyze"
"POOL","Pool Corp","Common stocks","Large cap","Consumer Discretionary","$11,387,160,209","1.23%","15.57","2.02","9.70","Analyze"
"PKG","Packaging Corp Of America","Common stocks","Large cap","Materials","$11,364,091,593","3.66%","12.66","1.41","3.09","Analyze"
"BEN","Franklin Resources Inc","Common stocks","Large cap","Financials","$11,173,166,429","5.08%","6.16","1.29","1.01","Analyze"
"IPG","Interpublic Group Of Companies Inc","Common stocks","Large cap","Communication Services","$11,166,200,395","3.91%","11.23","1.06","3.29","Analyze"
"AAP","Advance Auto Parts Inc","Common stocks","Large cap","Consumer Discretionary","$11,076,184,353","2.95%","17.67","1.01","3.48","Analyze"
"BXP","Boston Properties, Inc","REITs","Large cap","Real Estate","$11,059,199,021","5.46%","20.51","3.78","1.92","Analyze"
"CRL","Charles River Laboratories International","Common stocks","Large cap","Health Care","$11,048,808,937","0.00%","26.54","3.04","4.29","Analyze"
"CHRW","C.H. Robinson Worldwide, Inc.","Common stocks","Large cap","Industrials","$10,959,955,463","2.47%","11.64","0.44","5.23","Analyze"
"GL","Globe Life Inc.","Common stocks","Large cap","Financials","$10,944,180,899","0.73%","15.20","2.12","1.61","Analyze"
"BIO","Bio Rad Laboratories Inc Class A","Common stocks","Large cap","Health Care","$10,840,598,562","0.00%","-92.56","3.74","0.92","Analyze"
"WDC","Western Digital Corp","Common stocks","Large cap","Information Technology","$10,707,991,444","0.00%","6.18","0.56","0.94","Analyze"
"PARA","Paramount Global - Class B","Common stocks","Large cap","Communication Services","$10,625,692,956","5.88%","2.43","0.37","0.44","Analyze"
"SWK","Stanley Black & Decker Inc","Common stocks","Large cap","Industrials","$10,601,508,385","4.37%","8.16","0.67","1.18","Analyze"
"VFC","VF Corp","Common stocks","Large cap","Consumer Discretionary","$10,537,912,225","7.26%","7.87","0.91","3.00","Analyze"
"NI","Nisource Inc","Common stocks","Large cap","Utilities","$10,421,407,216","3.62%","15.91","1.99","1.46","Analyze"
"REG","Regency Centers Corporation","REITs","Large cap","Real Estate","$10,391,725,057","4.08%","13.87","8.70","1.79","Analyze"
"NRG","NRG Energy Inc","Common stocks","Large cap","Utilities","$10,259,469,805","3.17%","2.60","0.38","2.07","Analyze"
"CE","Celanese Corporation","Common stocks","Large cap","Materials","$10,237,864,222","2.87%","4.81","1.10","2.16","Analyze"
"STX","Seagate Technology Plc","Common stocks","Large cap","Information Technology","$10,122,772,400","5.69%","7.98","0.87","25.35","Analyze"
"KMX","Carmax Inc","Common stocks","Large cap","Consumer Discretionary","$10,018,182,129","0.00%","8.62","0.31","1.90","Analyze"
"CCL","Carnival Corp","Common stocks","Mid cap","Consumer Discretionary","$9,825,201,088","0.00%","-1.06","2.80","0.97","Analyze"
"HII","Huntington Ingalls Industries Inc","Common stocks","Mid cap","Industrials","$9,757,236,716","1.92%","18.18","0.99","3.45","Analyze"
"JNPR","Juniper Networks Inc","Common stocks","Mid cap","Information Technology","$9,684,736,806","2.76%","28.79","2.01","2.29","Analyze"
"MAS","Masco Corp","Common stocks","Mid cap","Industrials","$9,677,454,668","2.49%","17.89","1.12","-26.47","Analyze"
"HSIC","Henry Schein Inc","Common stocks","Mid cap","Health Care","$9,630,655,204","0.00%","14.90","0.76","2.68","Analyze"
"CDAY","Ceridian HCM Holding Inc.","Common stocks","Mid cap","Information Technology","$9,612,537,753","0.00%","-109.80","8.88","4.29","Analyze"
"NWS","News Corp Class B","Common stocks","Mid cap","Communication Services","$9,588,961,478","1.20%","6.51","0.94","0.39","Analyze"
"NWSA","News Corp Class A","Common stocks","Mid cap","Communication Services","$9,588,961,478","1.21%","12.71","0.94","0.75","Analyze"
"TFX","Teleflex Inc","Common stocks","Mid cap","Health Care","$9,424,440,920","0.68%","19.47","3.35","2.50","Analyze"
"CZR","Caesars Entertainment Corp","Common stocks","Mid cap","Consumer Discretionary","$9,230,633,837","0.00%","-15.49","0.92","2.44","Analyze"
"EMN","Eastman Chemical","Common stocks","Mid cap","Materials","$9,142,065,833","3.94%","11.77","0.85","1.63","Analyze"
"ALLE","Allegion PLC","Common stocks","Mid cap","Industrials","$8,990,039,083","1.54%","19.36","3.10","12.21","Analyze"
"AAL","American Airlines Group Inc","Common stocks","Mid cap","Industrials","$8,923,139,179","0.00%","-3.75","0.26","-1.00","Analyze"
"SBNY","Signature Bank","Common stocks","Mid cap","Financials","$8,742,006,394","1.55%","8.50","4.03","1.07","Analyze"
"CMA","Comerica Inc","Common stocks","Mid cap","Financials","$8,646,788,227","4.07%","9.09","3.13","1.26","Analyze"
"MKTX","Marketaxess Holdings Inc","Common stocks","Mid cap","Financials","$8,613,939,680","1.22%","35.57","12.49","8.42","Analyze"
"QRVO","Qorvo, Inc.","Common stocks","Mid cap","Information Technology","$8,531,876,333","0.00%","8.67","1.84","1.97","Analyze"
"WRK","Westrock","Common stocks","Mid cap","Materials","$8,522,249,810","2.97%","11.09","0.42","0.76","Analyze"
"BWA","BorgWarner Inc","Common stocks","Mid cap","Consumer Discretionary","$8,497,446,120","1.87%","13.22","0.58","1.26","Analyze"
"PHM","Pultegroup Inc","Common stocks","Mid cap","Consumer Discretionary","$8,479,450,127","1.60%","4.17","0.59","1.18","Analyze"
"HAS","Hasbro Inc","Common stocks","Mid cap","Consumer Discretionary","$8,453,940,924","4.48%","22.62","1.31","2.78","Analyze"
"FFIV","F5 Networks Inc","Common stocks","Mid cap","Information Technology","$8,056,977,847","0.00%","23.01","3.03","3.36","Analyze"
"FRT","Federal Realty Investment Trust","REITs","Mid cap","Real Estate","$8,043,082,571","3.21%","32.69","8.13","3.23","Analyze"
"RHI","Robert Half","Common stocks","Mid cap","Industrials","$7,788,024,914","2.31%","12.34","1.13","5.57","Analyze"
"PNW","Pinnacle West Corp","Common stocks","Mid cap","Utilities","$7,745,748,979","6.08%","13.10","1.99","1.33","Analyze"
"CTLT","Catalent Inc","Common stocks","Mid cap","Health Care","$7,603,461,635","0.00%","15.75","1.62","1.65","Analyze"
"WYNN","Wynn Resorts Ltd","Common stocks","Mid cap","Consumer Discretionary","$7,560,745,071","0.00%","-12.24","1.89","-23.89","Analyze"
"BBWI","Bath & Body Works, Inc.","Common stocks","Mid cap","Consumer Discretionary","$7,508,947,510","2.27%","6.02","0.79","-4.81","Analyze"
"UHS","Universal Health Services Inc.","Common stocks","Mid cap","Health Care","$7,340,608,894","0.71%","7.88","0.57","1.26","Analyze"
"TPR","Tapestry","Common stocks","Mid cap","Consumer Discretionary","$7,271,173,469","3.46%","9.06","1.09","3.10","Analyze"
"ZION","Zions Bancorporation","Common stocks","Mid cap","Financials","$7,240,682,565","3.19%","7.63","2.62","1.19","Analyze"
"NCLH","Norwegian Cruise Line Holdings Ltd","Common stocks","Mid cap","Consumer Discretionary","$7,159,402,780","0.00%","-1.73","6.14","4.73","Analyze"
"FBHS","Fortune Brands Home And Security","Common stocks","Mid cap","Industrials","$7,117,460,360","1.97%","8.38","0.91","2.53","Analyze"
"WHR","Whirlpool Corp","Common stocks","Mid cap","Consumer Discretionary","$7,039,148,120","5.07%","4.37","0.33","1.59","Analyze"
"AOS","A O Smith Corp","Common stocks","Mid cap","Industrials","$6,897,902,925","2.08%","13.95","1.84","3.93","Analyze"
"IVZ","Invesco Ltd","Common stocks","Mid cap","Financials","$6,849,056,196","4.68%","5.41","1.00","0.47","Analyze"
"PNR","Pentair","Common stocks","Mid cap","Industrials","$6,609,543,864","2.08%","12.46","1.70","2.70","Analyze"
"OGN","Organon & Co.","Common stocks","Mid cap","Health Care","$6,582,056,596","4.27%","4.76","1.03","-4.95","Analyze"
"AIZ","Assurant Inc","Common stocks","Mid cap","Financials","$6,566,562,551","2.19%","4.76","0.64","1.28","Analyze"
"GNRC","Generac Holdings Inc","Common stocks","Mid cap","Industrials","$6,471,816,776","0.00%","12.54","1.59","2.80","Analyze"
"DVA","Davita Inc","Common stocks","Mid cap","Health Care","$6,175,454,000","0.00%","7.02","0.53","7.52","Analyze"
"LUMN","CenturyLink, Inc.","Common stocks","Mid cap","Communication Services","$6,004,968,607","16.67%","2.84","0.31","0.50","Analyze"
"SEE","Sealed Air Corp","Common stocks","Mid cap","Materials","$5,990,267,986","1.92%","11.52","1.05","33.02","Analyze"
"LNC","Lincoln National Corp","Common stocks","Mid cap","Financials","$5,928,974,123","5.10%","4.56","0.31","0.40","Analyze"
"DXC","DXC Technology Company","Common stocks","Mid cap","Information Technology","$5,910,133,299","0.00%","-10.42","0.36","1.33","Analyze"
"XRAY","Dentsply Sirona Inc","Common stocks","Mid cap","Health Care","$5,780,565,247","1.80%","15.85","1.38","1.19","Analyze"
"MHK","Mohawk Industries Inc","Common stocks","Mid cap","Consumer Discretionary","$5,589,724,135","0.00%","5.49","0.48","0.69","Analyze"
"ALK","Alaska Air Group Inc","Common stocks","Mid cap","Industrials","$5,527,865,564","0.00%","12.14","0.78","1.56","Analyze"
"NWL","Newell Brands Inc","Common stocks","Mid cap","Consumer Discretionary","$5,256,856,000","7.12%","7.33","0.49","1.32","Analyze"
"VNO","Vornado Realty Trust","REITs","Mid cap","Real Estate","$4,344,647,893","9.13%","29.72","2.63","0.72","Analyze"
"RL","Ralph Lauren Corp Class A","Common stocks","Mid cap","Consumer Discretionary","$4,065,887,356","3.13%","8.50","0.68","1.57","Analyze"
"DISH","Dish Network Corp Class A","Common stocks","Mid cap","Communication Services","$4,009,957,969","0.00%","1.81","0.23","0.25","Analyze"
"TAP","Molson Coors Brewing Class B","Common stocks","Small cap","Consumer Staples","$733,698,188","2.96%","0.53","0.06","0.04","Analyze"